INSERT INTO ingredients 
VALUES 
    ("egg", "dairy"),
    ("butter", "dairy"),
    ("milk", "dairy"),
    ("cheese", "dairy"),
    ("cheddar", "dairy"),
    ("yogurt", "dairy"),
    ("custard", "dairy"),
    ("sour cream", "dairy"),
    ("canned tuna", "fish"),
    ("salmon", "fish"),
    ("tilapia", "fish"),
    ("fish fillets", "fish"),
    ("cod", "fish"),
    ("canned salmon", "fish"),
    ("anchovy", "fish"),
    ("smoked salmon", "fish"),
    ("sardines", "fish"),
    ("tuna steak", "fish"),
    ("onion", "vegetable"),
    ("garlic", "vegetable"),
    ("tomato", "vegetable"),
    ("potato", "vegetable"),
    ("carrot", "vegetable"),
    ("bell pepper", "vegetable"),
    ("basil", "vegetable"),
    ("parsley", "vegetable"),
    ("broccoli", "vegetable"),
    ("corn", "vegetable"),
    ("spinach", "vegetable"),
    ("mushroom", "vegetable"),
    ("green beans", "vegetable"),
    ("ginger", "vegetable"),
    ("chili pepper", "vegetable"),
    ("celery", "vegetable"),
    ("lemon", "fruit"),
    ("apple", "fruit"),
    ("banana", "fruit"),
    ("lime", "fruit"),
    ("strawberry", "fruit"),
    ("orange", "fruit"),
    ("pineapple", "fruit"),
    ("blueberry", "fruit"),
    ("raisin", "fruit"),
    ("coconut", "fruit"),
    ("grape", "fruit"),
    ("peach", "fruit"),
    ("raspberry", "fruit"),
    ("cranberry", "fruit"),
    ("mango", "fruit"),
    ("pear", "fruit"),
    ("blackberry", "fruit"),
    ("cherry", "fruit"),
    ("rice", "grains"),
    ("pasta", "grains"),
    ("flour", "grains"),
    ("bread", "grains"),
    ("baking powder", "grains"),
    ("baking soda", "grains"),
    ("bread crumbs", "grains"),
    ("cornstarch", "grains"),
    ("rolled oats", "grains"),
    ("noodle", "grains"),
    ("flour tortillas", "grains"),
    ("pancake mix", "grains"),
    ("yeast", "grains"),
    ("cracker", "grains"),
    ("quinoa", "grains"),
    ("brown rice", "grains"),
    ("cornmeal", "grains"),
    ("self rising flour", "grains"),
    ("cake mix", "grains"),
    ("chicken breast", "meat"),
    ("ground beef", "meat"),
    ("bacon", "meat"),
    ("sausage", "meat"),
    ("beef steak", "meat"),
    ("ham", "meat"),
    ("hot dog", "meat"),
    ("pork chops", "meat"),
    ("chicken thighs", "meat"),
    ("ground turkey", "meat"),
    ("cooked chicken", "meat"),
    ("turkey", "meat"),
    ("pork", "meat"),
    ("pepperoni", "meat"),
    ("whole chicken", "meat"),
    ("chicken leg", "meat"),
    ("ground pork", "meat"),
    ("chorizo", "meat"),
    ("chicken wings", "meat"),
    ("shrimp", "seafood"),
    ("crab", "seafood"),
    ("prawns", "seafood"),
    ("scallop", "seafood"),
    ("clam", "seafood"),
    ("lobster", "seafood"),
    ("mussel", "seafood"),
    ("oyster", "seafood"),
    ("squid", "seafood"),
    ("calamari", "seafood"),
    ("crawfish", "seafood"),
    ("octopus", "seafood"),
    ("cockle", "seafood"),
    ("conch", "seafood"),
    ("sea urchin", "seafood");

-- all user passwords are password123
INSERT INTO users (username, salt, hash) 
VALUES 
    ("gordo", "5ad7c505", "b1f79c5e382f796d0ea7687071357e76ba750d47e17b90719ba9eca21f2053f1"),
    ("bigdave", "477a5cfd", "56ff2651a1e99455096e128703de3c3306fd8ba8b9db8c1ea4ae06b16a02935f"),
    ("jeff", "e04fd6e4", "517fbae1bfb41399fa740c19f7cb5ddec874ba33b0875745c26bfcd444d712b1");


INSERT INTO recipes (username, name, servings, description, thumbnail)
VALUES
    ("bigdave", "pear and pork chops", 6, "salty pear and pork chops", ''),
    ("jeff", "brown rice and canned salmon and tilapia and prawns", 3, "sharp-tasting brown rice and canned salmon and tilapia and prawns", ''),
    ("jeff", "chili pepper and cooked chicken and broccoli", 2, "sugar free chili pepper and cooked chicken and broccoli", ''),
    ("bigdave", "hot dog and egg and chicken thighs", 3, "oily hot dog and egg and chicken thighs", ''),
    ("jeff", "pork", 2, "skillfully pork", ''),
    ("jeff", "canned tuna", 7, "seasoned canned tuna", ''),
    ("gordo", "cracker and blackberry and sausage", 3, "spicy cracker and blackberry and sausage", ''),
    ("jeff", "turkey and smoked salmon", 4, "tantalizing turkey and smoked salmon", ''),
    ("gordo", "potato", 7, "strawberry flavored potato", ''),
    ("jeff", "hot dog and cherry and carrot and shrimp", 4, "poached hot dog and cherry and carrot and shrimp", ''),
    ("bigdave", "blackberry and onion and ground turkey", 2, "satiny blackberry and onion and ground turkey", ''),
    ("jeff", "beef steak and chili pepper and prawns", 2, "prickly beef steak and chili pepper and prawns", ''),
    ("gordo", "whole chicken and corn", 3, "plain whole chicken and corn", ''),
    ("jeff", "octopus and milk and pasta and shrimp", 3, "simmered octopus and milk and pasta and shrimp", ''),
    ("jeff", "canned tuna", 5, "seasoned canned tuna", ''),
    ("bigdave", "brown rice and onion and strawberry", 2, "sharp brown rice and onion and strawberry", ''),
    ("gordo", "lobster and garlic", 4, "silky lobster and garlic", ''),
    ("jeff", "custard and crab and pear and chicken breast", 6, "Southern style custard and crab and pear and chicken breast", ''),
    ("jeff", "ham and strawberry", 4, "simmered ham and strawberry", ''),
    ("bigdave", "flour and apple and smoked salmon and pork chops", 5, "stinging flour and apple and smoked salmon and pork chops", ''),
    ("jeff", "anchovy and egg and blackberry", 5, "pleasant anchovy and egg and blackberry", ''),
    ("jeff", "cheese and baking soda and cod and orange", 7, "skillfully cheese and baking soda and cod and orange", ''),
    ("bigdave", "brown rice and egg and anchovy", 3, "pulpy brown rice and egg and anchovy", ''),
    ("bigdave", "cockle and blueberry and tuna steak", 5, "seasoned cockle and blueberry and tuna steak", ''),
    ("bigdave", "salmon and fish fillets and turkey", 3, "sugar coated salmon and fish fillets and turkey", ''),
    ("bigdave", "custard", 3, "prickly custard", ''),
    ("jeff", "apple and butter", 3, "reduced apple and butter", ''),
    ("jeff", "pepperoni and ground beef", 6, "palatable indicates pepperoni and ground beef", ''),
    ("jeff", "egg and mushroom", 6, "pleasant egg and mushroom", ''),
    ("gordo", "custard", 4, "sticky custard", ''),
    ("jeff", "cornstarch and green beans", 3, "served in cornstarch and green beans", ''),
    ("jeff", "pear and crawfish", 4, "sweet pear and crawfish", ''),
    ("gordo", "ground beef and pancake mix", 2, "saline ground beef and pancake mix", ''),
    ("jeff", "milk and scallop", 2, "sugary milk and scallop", ''),
    ("bigdave", "canned tuna and cherry and peach", 5, "nutty canned tuna and cherry and peach", ''),
    ("bigdave", "sour cream", 4, "rubbery sour cream", ''),
    ("jeff", "octopus and cornstarch and self rising flour and shrimp", 3, "satin octopus and cornstarch and self rising flour and shrimp", ''),
    ("bigdave", "yogurt and cherry", 3, "sizzling yogurt and cherry", ''),
    ("gordo", "octopus and hot dog and butter and baking powder", 3, "tantalizing octopus and hot dog and butter and baking powder", ''),
    ("jeff", "rolled oats", 5, "salty rolled oats", ''),
    ("jeff", "octopus and rolled oats", 6, "roasted octopus and rolled oats", ''),
    ("bigdave", "hot dog and tomato and chicken leg and pork", 4, "rotten hot dog and tomato and chicken leg and pork", ''),
    ("gordo", "green beans and mushroom", 3, "plain green beans and mushroom", ''),
    ("jeff", "green beans and turkey and chicken leg", 6, "sharp-tasting green beans and turkey and chicken leg", ''),
    ("bigdave", "prawns", 5, "prickly prawns", ''),
    ("bigdave", "canned tuna and pineapple", 7, "refresh canned tuna and pineapple", ''),
    ("jeff", "tomato and salmon and turkey", 4, "savory tomato and salmon and turkey", ''),
    ("jeff", "sardines and cheddar", 4, "soothing sardines and cheddar", ''),
    ("gordo", "cherry and cooked chicken and rolled oats", 3, "rich cherry and cooked chicken and rolled oats", ''),
    ("bigdave", "cockle and cheddar", 6, "nutmeg cockle and cheddar", '');

INSERT INTO methods (recipe_id, step, instruction)
VALUES
    (1, 0, "Boil the pear!"),
    (1, 1, "Peel the pork chops!"),
    (2, 0, "Fry the brown rice!"),
    (2, 1, "Pour the canned salmon!"),
    (2, 2, "Cut the tilapia!"),
    (2, 3, "Spread the prawns!"),
    (3, 0, "Cut the chili pepper!"),
    (3, 1, "Mix the cooked chicken!"),
    (3, 2, "Saute the broccoli!"),
    (4, 0, "Cut the hot dog!"),
    (4, 1, "Roll out the egg!"),
    (4, 2, "Boil the chicken thighs!"),
    (5, 0, "Roll out the pork!"),
    (6, 0, "Barbecue the canned tuna!"),
    (7, 0, "Slam the cracker!"),
    (7, 1, "Fry the blackberry!"),
    (7, 2, "Spread the sausage!"),
    (8, 0, "Melt the turkey!"),
    (8, 1, "Pinch the smoked salmon!"),
    (9, 0, "Pour the potato!"),
    (10, 0, "Beat the hot dog!"),
    (10, 1, "Hit the cherry!"),
    (10, 2, "Cut the carrot!"),
    (10, 3, "Break the shrimp!"),
    (11, 0, "Fry the blackberry!"),
    (11, 1, "Roast the onion!"),
    (11, 2, "Mix the ground turkey!"),
    (12, 0, "Cut the beef steak!"),
    (12, 1, "Add the chili pepper!"),
    (12, 2, "Grate the prawns!"),
    (13, 0, "Layer the whole chicken!"),
    (13, 1, "Boil the corn!"),
    (14, 0, "Hit the octopus!"),
    (14, 1, "Put the milk!"),
    (14, 2, "Chop the pasta!"),
    (14, 3, "Fry the shrimp!"),
    (15, 0, "Pinch the canned tuna!"),
    (16, 0, "Pour the brown rice!"),
    (16, 1, "Hit the onion!"),
    (16, 2, "Melt the strawberry!"),
    (17, 0, "Stir the lobster!"),
    (17, 1, "Cut the garlic!"),
    (18, 0, "Taste the custard!"),
    (18, 1, "Boil the crab!"),
    (18, 2, "Beat the pear!"),
    (18, 3, "Steam the chicken breast!"),
    (19, 0, "Mix the ham!"),
    (19, 1, "Pinch the strawberry!"),
    (20, 0, "Bake the flour!"),
    (20, 1, "Roll out the apple!"),
    (20, 2, "Hit the smoked salmon!"),
    (20, 3, "Stir the pork chops!"),
    (21, 0, "Hit the anchovy!"),
    (21, 1, "Grate the egg!"),
    (21, 2, "Peel the blackberry!"),
    (22, 0, "Steam the cheese!"),
    (22, 1, "Steam the baking soda!"),
    (22, 2, "Fry the cod!"),
    (22, 3, "Melt the orange!"),
    (23, 0, "Chop the brown rice!"),
    (23, 1, "Pour the egg!"),
    (23, 2, "Barbecue the anchovy!"),
    (24, 0, "Melt the cockle!"),
    (24, 1, "Weigh the blueberry!"),
    (24, 2, "Mix the tuna steak!"),
    (25, 0, "Steam the salmon!"),
    (25, 1, "Put the fish fillets!"),
    (25, 2, "Break the turkey!"),
    (26, 0, "Fry the custard!"),
    (27, 0, "Steam the apple!"),
    (27, 1, "Grate the butter!"),
    (28, 0, "Layer the pepperoni!"),
    (28, 1, "Layer the ground beef!"),
    (29, 0, "Peel the egg!"),
    (29, 1, "Grate the mushroom!"),
    (30, 0, "Fry the custard!"),
    (31, 0, "Pinch the cornstarch!"),
    (31, 1, "Spread the green beans!"),
    (32, 0, "Pour the pear!"),
    (32, 1, "Fry the crawfish!"),
    (33, 0, "Slice the ground beef!"),
    (33, 1, "Pinch the pancake mix!"),
    (34, 0, "Weigh the milk!"),
    (34, 1, "Saute the scallop!"),
    (35, 0, "Beat the canned tuna!"),
    (35, 1, "Melt the cherry!"),
    (35, 2, "Roast the peach!"),
    (36, 0, "Taste the sour cream!"),
    (37, 0, "Melt the octopus!"),
    (37, 1, "Layer the cornstarch!"),
    (37, 2, "Taste the self rising flour!"),
    (37, 3, "Slice the shrimp!"),
    (38, 0, "Bake the yogurt!"),
    (38, 1, "Cut the cherry!"),
    (39, 0, "Steam the octopus!"),
    (39, 1, "Add the hot dog!"),
    (39, 2, "Add the butter!"),
    (39, 3, "Stir the baking powder!"),
    (40, 0, "Taste the rolled oats!"),
    (41, 0, "Peel the octopus!"),
    (41, 1, "Barbecue the rolled oats!"),
    (42, 0, "Boil the hot dog!"),
    (42, 1, "Taste the tomato!"),
    (42, 2, "Cut the chicken leg!"),
    (42, 3, "Weigh the pork!"),
    (43, 0, "Pour the green beans!"),
    (43, 1, "Spread the mushroom!"),
    (44, 0, "Slice the green beans!"),
    (44, 1, "Mix the turkey!"),
    (44, 2, "Slice the chicken leg!"),
    (45, 0, "Bake the prawns!"),
    (46, 0, "Pinch the canned tuna!"),
    (46, 1, "Chop the pineapple!"),
    (47, 0, "Melt the tomato!"),
    (47, 1, "Cut the salmon!"),
    (47, 2, "Break the turkey!"),
    (48, 0, "Taste the sardines!"),
    (48, 1, "Hit the cheddar!"),
    (49, 0, "Add the cherry!"),
    (49, 1, "Boil the cooked chicken!"),
    (49, 2, "Bake the rolled oats!"),
    (50, 0, "Add the cockle!"),
    (50, 1, "Beat the cheddar!");

INSERT INTO Tag (name)
VALUES 
    ("Entree"),
    ("Main"),
    ("Breakfast"),
    ("Salad"),
    ("Soup"),
    ("Side dish"),
    ("Lunch"),
    ("Dinner"),
    ("Dessert");

INSERT INTO recipe_tag (recipe_id, tag)
VALUES
    (1, "Entree"),
    (1, "Salad"),
    (10, "Dinner"),
    (10, "Salad"),
    (11, "Main"),
    (11, "Side dish"),
    (12, "Lunch"),
    (13, "Dessert"),
    (13, "Entree"),
    (14, "Entree"),
    (14, "Soup"),
    (15, "Entree"),
    (15, "Lunch"),
    (16, "Breakfast"),
    (16, "Entree"),
    (17, "Entree"),
    (17, "Main"),
    (18, "Entree"),
    (18, "Salad"),
    (19, "Lunch"),
    (19, "Side dish"),
    (2, "Main"),
    (2, "Salad"),
    (20, "Dinner"),
    (20, "Salad"),
    (21, "Dessert"),
    (21, "Lunch"),
    (22, "Salad"),
    (22, "Soup"),
    (23, "Dessert"),
    (23, "Salad"),
    (24, "Breakfast"),
    (24, "Salad"),
    (25, "Main"),
    (26, "Dessert"),
    (26, "Soup"),
    (27, "Dessert"),
    (28, "Entree"),
    (28, "Soup"),
    (29, "Main"),
    (29, "Soup"),
    (3, "Lunch"),
    (3, "Salad"),
    (30, "Breakfast"),
    (30, "Lunch"),
    (31, "Salad"),
    (31, "Soup"),
    (32, "Dessert"),
    (32, "Entree"),
    (33, "Entree"),
    (33, "Side dish"),
    (34, "Dinner"),
    (34, "Side dish"),
    (35, "Breakfast"),
    (35, "Dessert"),
    (36, "Entree"),
    (37, "Main"),
    (37, "Salad"),
    (38, "Salad"),
    (38, "Soup"),
    (39, "Dessert"),
    (39, "Lunch"),
    (4, "Lunch"),
    (4, "Side dish"),
    (40, "Dessert"),
    (40, "Side dish"),
    (41, "Breakfast"),
    (41, "Soup"),
    (42, "Entree"),
    (42, "Salad"),
    (43, "Dinner"),
    (43, "Entree"),
    (44, "Breakfast"),
    (44, "Side dish"),
    (45, "Dinner"),
    (45, "Soup"),
    (46, "Dessert"),
    (46, "Side dish"),
    (47, "Dessert"),
    (47, "Salad"),
    (48, "Breakfast"),
    (48, "Salad"),
    (49, "Breakfast"),
    (49, "Soup"),
    (5, "Lunch"),
    (50, "Salad"),
    (50, "Side dish"),
    (6, "Main"),
    (6, "Salad"),
    (7, "Dinner"),
    (7, "Side dish"),
    (8, "Dinner"),
    (8, "Lunch"),
    (9, "Lunch"),
    (9, "Main");

INSERT INTO recipe_has (recipe_id, ingredient_name, quantity)
VALUES 
    (1, "pear", "51 teaspoon(s)"),
    (1, "pork chops", "63 whole"),
    (2, "brown rice", "36 mL"),
    (2, "canned salmon", "17 whole"),
    (2, "tilapia", "92 teaspoon(s)"),
    (2, "prawns", "86 teaspoon(s)"),
    (3, "chili pepper", "94 cup(s)"),
    (3, "cooked chicken", "54 grams"),
    (3, "broccoli", "41 teaspoon(s)"),
    (4, "hot dog", "99 cup(s)"),
    (4, "egg", "33 mL"),
    (4, "chicken thighs", "72 mL"),
    (5, "pork", "75 whole"),
    (6, "canned tuna", "46 teaspoon(s)"),
    (7, "cracker", "52 teaspoon(s)"),
    (7, "blackberry", "88 teaspoon(s)"),
    (7, "sausage", "32 teaspoon(s)"),
    (8, "turkey", "2 grams"),
    (8, "smoked salmon", "40 teaspoon(s)"),
    (9, "potato", "56 whole"),
    (10, "hot dog", "48 teaspoon(s)"),
    (10, "cherry", "95 whole"),
    (10, "carrot", "26 mL"),
    (10, "shrimp", "49 cup(s)"),
    (11, "blackberry", "93 mL"),
    (11, "onion", "20 teaspoon(s)"),
    (11, "ground turkey", "82 grams"),
    (12, "beef steak", "18 cup(s)"),
    (12, "chili pepper", "4 mL"),
    (12, "prawns", "36 grams"),
    (13, "whole chicken", "58 cup(s)"),
    (13, "corn", "31 teaspoon(s)"),
    (14, "octopus", "66 whole"),
    (14, "milk", "34 teaspoon(s)"),
    (14, "pasta", "85 whole"),
    (14, "shrimp", "74 teaspoon(s)"),
    (15, "canned tuna", "32 teaspoon(s)"),
    (16, "brown rice", "61 grams"),
    (16, "onion", "26 teaspoon(s)"),
    (16, "strawberry", "66 whole"),
    (17, "lobster", "28 whole"),
    (17, "garlic", "68 teaspoon(s)"),
    (18, "custard", "54 cup(s)"),
    (18, "crab", "47 cup(s)"),
    (18, "pear", "41 whole"),
    (18, "chicken breast", "25 mL"),
    (19, "ham", "60 cup(s)"),
    (19, "strawberry", "9 grams"),
    (20, "flour", "60 teaspoon(s)"),
    (20, "apple", "52 grams"),
    (20, "smoked salmon", "19 grams"),
    (20, "pork chops", "18 mL"),
    (21, "anchovy", "61 cup(s)"),
    (21, "egg", "69 teaspoon(s)"),
    (21, "blackberry", "96 mL"),
    (22, "cheese", "96 grams"),
    (22, "baking soda", "8 teaspoon(s)"),
    (22, "cod", "82 whole"),
    (22, "orange", "61 whole"),
    (23, "brown rice", "56 mL"),
    (23, "egg", "76 grams"),
    (23, "anchovy", "39 mL"),
    (24, "cockle", "85 whole"),
    (24, "blueberry", "65 teaspoon(s)"),
    (24, "tuna steak", "38 mL"),
    (25, "salmon", "44 teaspoon(s)"),
    (25, "fish fillets", "81 grams"),
    (25, "turkey", "69 cup(s)"),
    (26, "custard", "94 teaspoon(s)"),
    (27, "apple", "48 cup(s)"),
    (27, "butter", "61 mL"),
    (28, "pepperoni", "45 teaspoon(s)"),
    (28, "ground beef", "41 mL"),
    (29, "egg", "95 whole"),
    (29, "mushroom", "98 cup(s)"),
    (30, "custard", "86 grams"),
    (31, "cornstarch", "79 whole"),
    (31, "green beans", "97 teaspoon(s)"),
    (32, "pear", "39 teaspoon(s)"),
    (32, "crawfish", "64 teaspoon(s)"),
    (33, "ground beef", "8 mL"),
    (33, "pancake mix", "9 teaspoon(s)"),
    (34, "milk", "48 teaspoon(s)"),
    (34, "scallop", "59 mL"),
    (35, "canned tuna", "82 cup(s)"),
    (35, "cherry", "8 cup(s)"),
    (35, "peach", "77 whole"),
    (36, "sour cream", "83 teaspoon(s)"),
    (37, "octopus", "99 whole"),
    (37, "cornstarch", "62 teaspoon(s)"),
    (37, "self rising flour", "38 mL"),
    (37, "shrimp", "69 grams"),
    (38, "yogurt", "12 teaspoon(s)"),
    (38, "cherry", "90 cup(s)"),
    (39, "octopus", "36 cup(s)"),
    (39, "hot dog", "12 teaspoon(s)"),
    (39, "butter", "30 mL"),
    (39, "baking powder", "99 grams"),
    (40, "rolled oats", "58 grams"),
    (41, "octopus", "1 grams"),
    (41, "rolled oats", "8 teaspoon(s)"),
    (42, "hot dog", "84 teaspoon(s)"),
    (42, "tomato", "70 grams"),
    (42, "chicken leg", "42 mL"),
    (42, "pork", "6 grams"),
    (43, "green beans", "56 whole"),
    (43, "mushroom", "86 mL"),
    (44, "green beans", "49 cup(s)"),
    (44, "turkey", "18 teaspoon(s)"),
    (44, "chicken leg", "26 mL"),
    (45, "prawns", "17 grams"),
    (46, "canned tuna", "80 cup(s)"),
    (46, "pineapple", "74 mL"),
    (47, "tomato", "93 teaspoon(s)"),
    (47, "salmon", "34 mL"),
    (47, "turkey", "27 whole"),
    (48, "sardines", "37 whole"),
    (48, "cheddar", "75 grams"),
    (49, "cherry", "84 mL"),
    (49, "cooked chicken", "36 teaspoon(s)"),
    (49, "rolled oats", "35 grams"),
    (50, "cockle", "15 mL"),
    (50, "cheddar", "37 cup(s)");